科目名, 分野, K-Number
総合政策学【学期前半】, 基盤科目-総合講座科目, FPE-CO-11001-211-88
環境情報学【学期前半】, 基盤科目-総合講座科目, FPE-CO-11003-211-88
慶應義塾入門, 基盤科目-総合講座科目, FPE-CO-01103-231-85
ドイツ語ベーシック１GB, 基盤科目-言語コミュニケーション科目, FPE-CO-02502-119-02
ドイツ語ベーシック１GA, 基盤科目-言語コミュニケーション科目, FPE-CO-02502-119-02
ドイツ語ベーシック２GA, 基盤科目-言語コミュニケーション科目, FPE-CO-02502-119-02
フランス語ベーシック１FB, 基盤科目-言語コミュニケーション科目, FPE-CO-02602-111-02
フランス語ベーシック１FC, 基盤科目-言語コミュニケーション科目, FPE-CO-02602-111-02
フランス語ベーシック１FA, 基盤科目-言語コミュニケーション科目, FPE-CO-02602-111-02
フランス語ベーシック２A, 基盤科目-言語コミュニケーション科目, FPE-CO-02602-111-02
中国語ベーシック１CC, 基盤科目-言語コミュニケーション科目, FPE-CO-02202-119-02
中国語ベーシック１CB, 基盤科目-言語コミュニケーション科目, FPE-CO-02202-119-02
中国語ベーシック１CA, 基盤科目-言語コミュニケーション科目, FPE-CO-02202-119-02
中国語ベーシック２, 基盤科目-言語コミュニケーション科目, FPE-CO-02202-119-02
中国語ベーシック３, 基盤科目-言語コミュニケーション科目, FPE-CO-02202-119-02
朝鮮語ベーシック１KA, 基盤科目-言語コミュニケーション科目, FPE-CO-02102-119-02
朝鮮語ベーシック１KB, 基盤科目-言語コミュニケーション科目, FPE-CO-02102-119-02
朝鮮語ベーシック２, 基盤科目-言語コミュニケーション科目, FPE-CO-02102-119-02
マレー・インドネシア語ベーシック１A, 基盤科目-言語コミュニケーション科目, FPE-CO-02302-119-02
マレー・インドネシア語ベーシック２, 基盤科目-言語コミュニケーション科目, FPE-CO-02302-119-02
スペイン語ベーシック１, 基盤科目-言語コミュニケーション科目, FPE-CO-02702-119-02
スペイン語ベーシック２, 基盤科目-言語コミュニケーション科目, FPE-CO-02702-119-02
アラビア語ベーシック２, 基盤科目-言語コミュニケーション科目, FPE-CO-02402-111-02
ロシア語ベーシック１A, 基盤科目-言語コミュニケーション科目, FPE-CO-02902-119-02
ロシア語ベーシック２A, 基盤科目-言語コミュニケーション科目, FPE-CO-02902-119-02
イタリア語ベーシック１A, 基盤科目-言語コミュニケーション科目, FPE-CO-02902-119-02
イタリア語ベーシック１C, 基盤科目-言語コミュニケーション科目, FPE-CO-02902-119-02
イタリア語ベーシック１B, 基盤科目-言語コミュニケーション科目, FPE-CO-02902-119-02
イタリア語ベーシック２, 基盤科目-言語コミュニケーション科目, FPE-CO-02902-119-02
英語インテンシブ１EA, 基盤科目-言語コミュニケーション科目, FPE-CO-02002-112-02
英語インテンシブ１EB, 基盤科目-言語コミュニケーション科目, FPE-CO-02002-112-02
英語インテンシブ１EC, 基盤科目-言語コミュニケーション科目, FPE-CO-02002-112-02
英語インテンシブ１EB, 基盤科目-言語コミュニケーション科目, FPE-CO-02002-112-02
ドイツ語インテンシブ１GB, 基盤科目-言語コミュニケーション科目, FPE-CO-02502-119-02
ドイツ語インテンシブ１GC, 基盤科目-言語コミュニケーション科目, FPE-CO-02502-119-02
ドイツ語インテンシブ１GA, 基盤科目-言語コミュニケーション科目, FPE-CO-02502-119-02
ドイツ語インテンシブ２GA, 基盤科目-言語コミュニケーション科目, FPE-CO-02502-119-02
ドイツ語インテンシブ３GA, 基盤科目-言語コミュニケーション科目, FPE-CO-02502-119-02
フランス語インテンシブ１FB, 基盤科目-言語コミュニケーション科目, FPE-CO-02602-119-02
フランス語インテンシブ１FA, 基盤科目-言語コミュニケーション科目, FPE-CO-02602-119-02
フランス語インテンシブ１FC, 基盤科目-言語コミュニケーション科目, FPE-CO-02602-119-02
フランス語インテンシブ２FA, 基盤科目-言語コミュニケーション科目, FPE-CO-02602-119-02
フランス語インテンシブ３FB, 基盤科目-言語コミュニケーション科目, FPE-CO-02602-119-02
フランス語インテンシブ３FA, 基盤科目-言語コミュニケーション科目, FPE-CO-02602-119-02
フランス語インテンシブ４FA, 基盤科目-言語コミュニケーション科目, FPE-CO-02602-119-02
中国語インテンシブ１CC, 基盤科目-言語コミュニケーション科目, FPE-CO-02202-119-02
中国語インテンシブ１CB, 基盤科目-言語コミュニケーション科目, FPE-CO-02202-119-02
中国語インテンシブ１CD, 基盤科目-言語コミュニケーション科目, FPE-CO-02202-119-02
中国語インテンシブ１CA, 基盤科目-言語コミュニケーション科目, FPE-CO-02202-119-02
中国語インテンシブ２CA, 基盤科目-言語コミュニケーション科目, FPE-CO-02202-119-02
中国語インテンシブ３CA, 基盤科目-言語コミュニケーション科目, FPE-CO-02202-119-02
中国語インテンシブ４CA, 基盤科目-言語コミュニケーション科目, FPE-CO-02202-119-02
朝鮮語インテンシブ１KA, 基盤科目-言語コミュニケーション科目, FPE-CO-02102-119-02
朝鮮語インテンシブ１KB, 基盤科目-言語コミュニケーション科目, FPE-CO-02102-119-02
朝鮮語インテンシブ２KA, 基盤科目-言語コミュニケーション科目, FPE-CO-02102-119-02
マレー・インドネシア語インテンシブ１MB, 基盤科目-言語コミュニケーション科目, FPE-CO-02302-119-02
マレー・インドネシア語インテンシブ１MA, 基盤科目-言語コミュニケーション科目, FPE-CO-02302-119-02
マレー・インドネシア語インテンシブ２MA, 基盤科目-言語コミュニケーション科目, FPE-CO-02302-119-02
マレー・インドネシア語インテンシブ３インドネシア研修, 基盤科目-言語コミュニケーション科目, 
スペイン語インテンシブ１, 基盤科目-言語コミュニケーション科目, FPE-CO-02702-119-02
スペイン語インテンシブ２, 基盤科目-言語コミュニケーション科目, FPE-CO-02702-119-02
スペイン語インテンシブ３, 基盤科目-言語コミュニケーション科目, FPE-CO-02702-119-02
スペイン語インテンシブ４, 基盤科目-言語コミュニケーション科目, FPE-CO-02702-119-02
アラビア語インテンシブ１AA, 基盤科目-言語コミュニケーション科目, FPE-CO-02402-111-02
アラビア語インテンシブ２, 基盤科目-言語コミュニケーション科目, FPE-CO-02402-111-02
日本語インテンシブ１B/日本語インテンシブ１, 基盤科目-言語コミュニケーション科目, FPE-CO-02802-111-02
日本語インテンシブ２A, 基盤科目-言語コミュニケーション科目, FPE-CO-02802-111-02
日本語インテンシブ３B/日本語インテンシブ３, 基盤科目-言語コミュニケーション科目, FPE-CO-02802-111-02
日本語インテンシブ初級２A/日本語インテンシブ初級２, 基盤科目-言語コミュニケーション科目, FPE-CO-02802-111-02
ロシア語インテンシブ１A, 基盤科目-言語コミュニケーション科目, FPE-CO-02902-119-02
ドイツ語スキル, 基盤科目-言語コミュニケーション科目, FPE-CO-02512-219-02
ドイツ語スキル, 基盤科目-言語コミュニケーション科目, FPE-CO-02512-219-02
ドイツ語スキル, 基盤科目-言語コミュニケーション科目, FPE-CO-02512-219-02
ドイツ語スキル, 基盤科目-言語コミュニケーション科目, FPE-CO-02512-219-02
ドイツ語スキル, 基盤科目-言語コミュニケーション科目, FPE-CO-02512-219-02
フランス語スキル(Lire,reformuleretdiscuter), 基盤科目-言語コミュニケーション科目, FPE-CO-02612-319-02
フランス語スキル(原典講読), 基盤科目-言語コミュニケーション科目, FPE-CO-02612-319-02
フランス語スキル(専門表現のフランス語), 基盤科目-言語コミュニケーション科目, FPE-CO-02612-319-02
フランス語スキル(TCF対策), 基盤科目-言語コミュニケーション科目, FPE-CO-02612-319-02
フランス語スキル(文法), 基盤科目-言語コミュニケーション科目, FPE-CO-02612-319-02
フランス語スキル(口語翻訳演習), 基盤科目-言語コミュニケーション科目, FPE-CO-02612-319-02
フランス語スキル(TCF対策), 基盤科目-言語コミュニケーション科目, FPE-CO-02612-319-02
中国語スキル(思想), 基盤科目-言語コミュニケーション科目, FPE-CO-02212-311-02
中国語スキル(近現代史), 基盤科目-言語コミュニケーション科目, FPE-CO-02212-219-02
中国語スキル(ビジネス), 基盤科目-言語コミュニケーション科目, FPE-CO-02212-219-02
中国語スキル(経済), 基盤科目-言語コミュニケーション科目, FPE-CO-02212-219-02
朝鮮語スキル(会話・作文), 基盤科目-言語コミュニケーション科目, FPE-CO-02112-219-02
朝鮮語スキル(読解), 基盤科目-言語コミュニケーション科目, FPE-CO-02112-219-02
マレー・インドネシア語スキル(会話), 基盤科目-言語コミュニケーション科目, FPE-CO-02312-219-02
マレー・インドネシア語スキル(読解), 基盤科目-言語コミュニケーション科目, FPE-CO-02312-219-02
スペイン語スキルB, 基盤科目-言語コミュニケーション科目, FPE-CO-02712-219-02
スペイン語スキルA, 基盤科目-言語コミュニケーション科目, FPE-CO-02712-219-02
アラビア語スキル, 基盤科目-言語コミュニケーション科目, FPE-CO-02412-319-02
アラビア語スキル, 基盤科目-言語コミュニケーション科目, FPE-CO-02412-311-02
アラビア語スキル, 基盤科目-言語コミュニケーション科目, FPE-CO-02412-311-02
アラビア語スキル, 基盤科目-言語コミュニケーション科目, FPE-CO-02412-319-02
日本語スキルP, 基盤科目-言語コミュニケーション科目, FPE-CO-02812-211-02
日本語スキル２Ｗ, 基盤科目-言語コミュニケーション科目, FPE-CO-02812-211-02
日本語スキルＬ, 基盤科目-言語コミュニケーション科目, FPE-CO-02812-211-02
日本語スキル１W, 基盤科目-言語コミュニケーション科目, FPE-CO-02812-211-02
プロジェクト英語ＡEA02(Presentation), 基盤科目-言語コミュニケーション科目, FPE-CO-02012-212-02
プロジェクト英語ＡEA05(Presentation), 基盤科目-言語コミュニケーション科目, FPE-CO-02012-212-02
プロジェクト英語ＡEA04(Translation), 基盤科目-言語コミュニケーション科目, FPE-CO-02012-212-02
プロジェクト英語ＡEA04(Presentation), 基盤科目-言語コミュニケーション科目, FPE-CO-02012-212-02
プロジェクト英語ＡEA06(OralListening), 基盤科目-言語コミュニケーション科目, FPE-CO-02012-212-02
プロジェクト英語ＡEA01(Presentation), 基盤科目-言語コミュニケーション科目, FPE-CO-02012-212-02
プロジェクト英語ＡEA03(Listening), 基盤科目-言語コミュニケーション科目, FPE-CO-02012-212-02
プロジェクト英語ＡEA01(Presentation), 基盤科目-言語コミュニケーション科目, FPE-CO-02012-212-02
プロジェクト英語ＡEA06(OralListening), 基盤科目-言語コミュニケーション科目, FPE-CO-02012-212-02
プロジェクト英語ＡEA04(Presentation), 基盤科目-言語コミュニケーション科目, FPE-CO-02012-212-02
プロジェクト英語ＡEA04(Translation), 基盤科目-言語コミュニケーション科目, FPE-CO-02012-212-02
プロジェクト英語ＡEA05(Presentation), 基盤科目-言語コミュニケーション科目, FPE-CO-02012-212-02
プロジェクト英語Ａ(Presentation), 基盤科目-言語コミュニケーション科目, FPE-CO-02012-212-02
プロジェクト英語ＡEA02(Presentation), 基盤科目-言語コミュニケーション科目, FPE-CO-02012-212-02
プロジェクト英語ＡEA03(Reading/Discussion), 基盤科目-言語コミュニケーション科目, FPE-CO-02012-212-02
プロジェクト英語ＢEB01(CriticalThinking), 基盤科目-言語コミュニケーション科目, FPE-CO-02012-211-02
プロジェクト英語ＢEB04(Project), 基盤科目-言語コミュニケーション科目, FPE-CO-02012-212-02
プロジェクト英語Ｂ(Listening), 基盤科目-言語コミュニケーション科目, FPE-CO-02012-212-02
プロジェクト英語Ｂ(Reading), 基盤科目-言語コミュニケーション科目, FPE-CO-02012-212-02
プロジェクト英語ＢEB05(Listening), 基盤科目-言語コミュニケーション科目, FPE-CO-02012-212-02
プロジェクト英語ＢEB03(Listening), 基盤科目-言語コミュニケーション科目, FPE-CO-02012-212-02
プロジェクト英語ＢEB02(Presentation), 基盤科目-言語コミュニケーション科目, FPE-CO-02012-212-02
プロジェクト英語ＢEB07(Discussion/Presentation), 基盤科目-言語コミュニケーション科目, FPE-CO-02012-211-02
プロジェクト英語ＢEB07(Writing), 基盤科目-言語コミュニケーション科目, FPE-CO-02012-212-02
プロジェクト英語ＢEB02(OralListening), 基盤科目-言語コミュニケーション科目, FPE-CO-02012-212-02
プロジェクト英語Ｂ(Project), 基盤科目-言語コミュニケーション科目, FPE-CO-02012-212-02
プロジェクト英語ＢEB03(Project), 基盤科目-言語コミュニケーション科目, FPE-CO-02012-211-02
プロジェクト英語ＢEB04(Listening+Writing), 基盤科目-言語コミュニケーション科目, FPE-CO-02012-212-02
プロジェクト英語ＢEB01(OralListening), 基盤科目-言語コミュニケーション科目, FPE-CO-02012-212-02
プロジェクト英語ＢEB05(Writing), 基盤科目-言語コミュニケーション科目, FPE-CO-02012-212-02
プロジェクト英語ＢEB06(Writing), 基盤科目-言語コミュニケーション科目, FPE-CO-02012-212-02
プロジェクト英語ＢEB01(OralListening), 基盤科目-言語コミュニケーション科目, FPE-CO-02012-212-02
プロジェクト英語ＣEC02(Presentation)(GIGA/GG/GI), 基盤科目-言語コミュニケーション科目, FPE-CO-02012-212-02
プロジェクト英語ＣEC02(Listening)(GIGA/GG/GI), 基盤科目-言語コミュニケーション科目, FPE-CO-02012-212-02
プロジェクト英語ＣEC08(Writing)(GIGA/GG/GI), 基盤科目-言語コミュニケーション科目, FPE-CO-02012-212-02
プロジェクト英語Ｃ(Presentation)(GIGA/GG/GI), 基盤科目-言語コミュニケーション科目, FPE-CO-02012-212-02
プロジェクト英語ＣEC07(OralListening)(GIGA/GG/GI), 基盤科目-言語コミュニケーション科目, FPE-CO-02012-212-02
プロジェクト英語ＣEC06(Translation)(GIGA/GG/GI), 基盤科目-言語コミュニケーション科目, FPE-CO-02012-212-02
プロジェクト英語Ｃ(Speaking)(GIGA/GG/GI), 基盤科目-言語コミュニケーション科目, FPE-CO-02012-212-02
プロジェクト英語ＣEC05(Project)(GIGA/GG/GI), 基盤科目-言語コミュニケーション科目, FPE-CO-02012-212-02
プロジェクト英語ＣEC01(OralListening)(GIGA/GG/GI), 基盤科目-言語コミュニケーション科目, FPE-CO-02012-212-02
プロジェクト英語ＣEC05(Reading)(GIGA/GG/GI), 基盤科目-言語コミュニケーション科目, FPE-CO-02012-212-02
プロジェクト英語ＣEC04(Presentation)(GIGA/GG/GI), 基盤科目-言語コミュニケーション科目, FPE-CO-02012-212-02
プロジェクト英語ＣEC03(Project)(GIGA/GG/GI), 基盤科目-言語コミュニケーション科目, FPE-CO-02012-212-02
プロジェクト英語ＣEC08(Reading)(GIGA/GG/GI), 基盤科目-言語コミュニケーション科目, FPE-CO-02012-212-02
プロジェクト英語Ｃ(Project)(GIGA/GG/GI), 基盤科目-言語コミュニケーション科目, FPE-CO-02012-212-02
プロジェクト英語Ｃ(CreativeWriting)(GIGA/GG/GI), 基盤科目-言語コミュニケーション科目, FPE-CO-02012-212-02
プロジェクト英語ＣEC04(Project)(GIGA/GG/GI), 基盤科目-言語コミュニケーション科目, FPE-CO-02012-212-02
プロジェクト英語ＣEC03(Translation)(GIGA/GG/GI), 基盤科目-言語コミュニケーション科目, FPE-CO-02012-212-02
プロジェクト英語ＣEC07(Presentation)(GIGA/GG/GI), 基盤科目-言語コミュニケーション科目, FPE-CO-02012-212-02
プロジェクト英語ＣEC01(Presentation)(GIGA/GG/GI), 基盤科目-言語コミュニケーション科目, FPE-CO-02012-212-02
プロジェクト英語ＣEC06(IndieRock)(GIGA/GG/GI), 基盤科目-言語コミュニケーション科目, FPE-CO-02012-212-02
日独社会研究（ドイツ語圏）/ドイツ語コンテンツ, 先端科目-総合政策系, FPE-CO-04003-229-88
文化論（ドイツ語圏）/ドイツ語コンテンツ, 先端科目-総合政策系, FPE-CO-04003-219-88
地域論（ドイツ語圏）/ドイツ語コンテンツ, 先端科目-総合政策系, FPE-CO-04003-219-85
社会論（フランス語圏）/フランス語コンテンツ, 先端科目-総合政策系, FPE-CO-04003-219-86
言語教育実践論（中国語圏）/中国語コンテンツ, 先端科目-総合政策系, FPE-CO-04003-211-02
地域と文化（スペイン語圏）/スペイン語コンテンツ, 先端科目-総合政策系, FPE-CO-04003-219-88
アカデミックプレゼンテーション実践(GIGA/GG/GI)/英語コンテンツ, 基盤科目-共通科目, FPE-CO-03303-212-89
ドイツ語海外研修Ｂ, 基盤科目-言語コミュニケーション科目, 
フランス語海外研修Ａ, 基盤科目-言語コミュニケーション科目, 
フランス語海外研修Ｂ, 基盤科目-言語コミュニケーション科目, 
朝鮮語海外研修Ａ(初級), 基盤科目-言語コミュニケーション科目, 
マレー・インドネシア語海外研修Ｂ, 基盤科目-言語コミュニケーション科目, 
スペイン語海外研修Ａ(スペイン・サンセバスティアン市), 基盤科目-言語コミュニケーション科目, FPE-CO-02702-119-02
スペイン語海外研修Ａ(スペイン・サラマンカ市), 基盤科目-言語コミュニケーション科目, 
スペイン語海外研修Ｂ, 基盤科目-言語コミュニケーション科目, 
アラビア語海外研修Ｂ, 基盤科目-言語コミュニケーション科目, 
統計基礎[DS1], 基盤科目-データサイエンス科目-データサイエンス１, FPE-CO-03012-211-12
統計基礎[DS1](GIGA/GG/GI), 基盤科目-データサイエンス科目-データサイエンス１, FPE-CO-03012-212-12
統計基礎[DS1], 基盤科目-データサイエンス科目-データサイエンス１, FPE-CO-03012-211-12
確率[DS1], 基盤科目-データサイエンス科目-データサイエンス１, FPE-CO-03013-211-12
確率[DS1], 基盤科目-データサイエンス科目-データサイエンス１, FPE-CO-03013-211-12
確率[DS1](GIGA/GG/GI), 基盤科目-データサイエンス科目-データサイエンス１, FPE-CO-03013-232-12
確率[DS1], 基盤科目-データサイエンス科目-データサイエンス１, FPE-CO-03013-231-12
微分・積分[DS1](GIGA/GG/GI), 基盤科目-データサイエンス科目-データサイエンス１, FPE-CO-03012-212-12
微分・積分[DS1], 基盤科目-データサイエンス科目-データサイエンス１, FPE-CO-03012-211-12
微分・積分[DS1], 基盤科目-データサイエンス科目-データサイエンス１, FPE-CO-03012-211-12
微分・積分[DS1], 基盤科目-データサイエンス科目-データサイエンス１, FPE-CO-03012-211-12
線形代数[DS1], 基盤科目-データサイエンス科目-データサイエンス１, FPE-CO-03012-211-11
線形代数[DS1], 基盤科目-データサイエンス科目-データサイエンス１, FPE-CO-03012-211-11
線形代数[DS1], 基盤科目-データサイエンス科目-データサイエンス１, FPE-CO-03012-221-11
線形代数[DS1](GIGA/GG/GI), 基盤科目-データサイエンス科目-データサイエンス１, FPE-CO-03012-212-11
経済・ファイナンスのデータサイエンス[DS2]/時系列解析法, 基盤科目-データサイエンス科目-データサイエンス２, FPE-CO-03022-211-07
情報と社会のデータサイエンス[DS2], 基盤科目-データサイエンス科目-データサイエンス２, FPE-CO-03022-211-88
環境ガバナンスのデータサイエンス[DS2], 基盤科目-データサイエンス科目-データサイエンス２, FPE-CO-03023-221-88
生命動態のデータサイエンス[DS2], 基盤科目-データサイエンス科目-データサイエンス２, FPE-CO-03022-221-88
統計解析[DS2](GIGA/GG/GI), 基盤科目-データサイエンス科目-データサイエンス２, FPE-CO-03022-312-12
統計解析[DS2]【学期前半】, 基盤科目-データサイエンス科目-データサイエンス２, FPE-CO-03022-211-12
ベイズ統計[DS2], 基盤科目-データサイエンス科目-データサイエンス２, FPE-CO-03022-221-12
最適化の数理[DS2], 基盤科目-データサイエンス科目-データサイエンス２, FPE-CO-03022-211-60
数理解析[DS2], 基盤科目-データサイエンス科目-データサイエンス２, FPE-CO-03022-211-12
生命科学実験の基礎[DS2](TTCK), 基盤科目-データサイエンス科目-データサイエンス２, FPE-CO-03022-311-88
バイオインフォマティクスのデータサイエンス[DS2](GIGA/GG/GI), 基盤科目-データサイエンス科目-データサイエンス２, FPE-CO-03022-222-88
アルゴリズムサイエンス[DS2], 基盤科目-データサイエンス科目-データサイエンス２, FPE-CO-03022-211-60
情報基礎１(11), 基盤科目-情報技術基礎科目, FPE-CO-03102-711-60
情報基礎１(22), 基盤科目-情報技術基礎科目, FPE-CO-03102-711-60
情報基礎１(23), 基盤科目-情報技術基礎科目, FPE-CO-03102-711-60
情報基礎１(04), 基盤科目-情報技術基礎科目, FPE-CO-03102-711-60
情報基礎１(15), 基盤科目-情報技術基礎科目, FPE-CO-03102-711-60
情報基礎１(07), 基盤科目-情報技術基礎科目, FPE-CO-03102-711-60
情報基礎１(13), 基盤科目-情報技術基礎科目, FPE-CO-03102-711-60
情報基礎１(19), 基盤科目-情報技術基礎科目, FPE-CO-03102-711-60
情報基礎１(26), 基盤科目-情報技術基礎科目, FPE-CO-03102-711-60
情報基礎１(14), 基盤科目-情報技術基礎科目, FPE-CO-03102-711-60
情報基礎１(25), 基盤科目-情報技術基礎科目, FPE-CO-03102-711-60
情報基礎１(02), 基盤科目-情報技術基礎科目, FPE-CO-03102-711-60
情報基礎１(03), 基盤科目-情報技術基礎科目, FPE-CO-03102-711-60
情報基礎１(01), 基盤科目-情報技術基礎科目, FPE-CO-03102-711-60
情報基礎１(16), 基盤科目-情報技術基礎科目, FPE-CO-03102-711-60
情報基礎１(13), 基盤科目-情報技術基礎科目, FPE-CO-03102-711-60
情報基礎１(19), 基盤科目-情報技術基礎科目, FPE-CO-03102-711-60
情報基礎１(26), 基盤科目-情報技術基礎科目, FPE-CO-03102-711-60
情報基礎１(14), 基盤科目-情報技術基礎科目, FPE-CO-03102-711-60
情報基礎１(18), 基盤科目-情報技術基礎科目, FPE-CO-03102-711-60
情報基礎１(06), 基盤科目-情報技術基礎科目, FPE-CO-03102-711-60
情報基礎１(05), 基盤科目-情報技術基礎科目, FPE-CO-03102-711-60
情報基礎１(08), 基盤科目-情報技術基礎科目, FPE-CO-03102-711-60
情報基礎１(17), 基盤科目-情報技術基礎科目, FPE-CO-03102-711-60
情報基礎１(12), 基盤科目-情報技術基礎科目, FPE-CO-03102-711-60
情報基礎１(21), 基盤科目-情報技術基礎科目, FPE-CO-03102-711-60
情報基礎２, 基盤科目-情報技術基礎科目, FPE-CO-03102-711-60
情報基礎２(GIGA/GG/GI), 基盤科目-情報技術基礎科目, FPE-CO-03102-712-60
情報基礎２(GIGA/GG/GI), 基盤科目-情報技術基礎科目, FPE-CO-03102-712-60
情報基礎２, 基盤科目-情報技術基礎科目, FPE-CO-03102-711-60
情報基礎２, 基盤科目-情報技術基礎科目, FPE-CO-03102-711-60
情報基礎２, 基盤科目-情報技術基礎科目, FPE-CO-03102-711-60
情報基礎２, 基盤科目-情報技術基礎科目, FPE-CO-03102-711-60
情報基礎２, 基盤科目-情報技術基礎科目, FPE-CO-03102-711-60
システムプログラミング基礎, 基盤科目-情報技術基礎科目, FPE-CO-03102-211-60
オブジェクト指向プログラミング基礎【学期前半】, 基盤科目-情報技術基礎科目, FPE-CO-03103-211-60
オブジェクト指向プログラミング基礎, 基盤科目-情報技術基礎科目, FPE-CO-03103-211-60
スクリプト言語プログラミング基礎, 基盤科目-情報技術基礎科目, FPE-CO-03102-211-60
スクリプト言語プログラミング基礎(GIGA/GG/GI), 基盤科目-情報技術基礎科目, FPE-CO-03102-312-60
心身ウェルネス【学期後半】(グループH：クラス23～26), 基盤科目-ウェルネス科目, FPE-CO-13201-211-59
心身ウェルネス【学期後半】(グループF：クラス17～19), 基盤科目-ウェルネス科目, FPE-CO-13201-211-59
心身ウェルネス【学期前半】(グループD：クラス10～13), 基盤科目-ウェルネス科目, FPE-CO-13201-211-59
心身ウェルネス【学期前半】(グループC：クラス07～09,29), 基盤科目-ウェルネス科目, FPE-CO-13201-211-59
心身ウェルネス【学期前半】(グループB：クラス04～06,28), 基盤科目-ウェルネス科目, FPE-CO-13201-211-59
心身ウェルネス【学期後半】(グループG：クラス20～22), 基盤科目-ウェルネス科目, FPE-CO-13201-211-59
心身ウェルネス【学期後半】(グループE：クラス14～16), 基盤科目-ウェルネス科目, FPE-CO-13201-211-59
心身ウェルネス【学期前半】(グループA：クラス01～03,27), 基盤科目-ウェルネス科目, FPE-CO-13201-211-59
体育１(ソフトコース), 基盤科目-ウェルネス科目, FPE-CO-13211-411-59
体育１(09), 基盤科目-ウェルネス科目, FPE-CO-13211-411-59
体育１(05), 基盤科目-ウェルネス科目, FPE-CO-13211-411-59
体育１(08), 基盤科目-ウェルネス科目, FPE-CO-13211-411-59
体育１(22), 基盤科目-ウェルネス科目, FPE-CO-13211-411-59
体育１(16), 基盤科目-ウェルネス科目, FPE-CO-13211-411-59
体育１(27)(GIGA/GG/GI), 基盤科目-ウェルネス科目, FPE-CO-13211-412-59
体育１(21）, 基盤科目-ウェルネス科目, FPE-CO-13211-411-59
体育１(20), 基盤科目-ウェルネス科目, FPE-CO-13211-411-59
体育１(26), 基盤科目-ウェルネス科目, FPE-CO-13211-411-59
体育１(18), 基盤科目-ウェルネス科目, FPE-CO-13211-411-59
体育１(07), 基盤科目-ウェルネス科目, FPE-CO-13211-411-59
体育１(12), 基盤科目-ウェルネス科目, FPE-CO-13211-411-59
体育１(19), 基盤科目-ウェルネス科目, FPE-CO-13211-411-59
体育１(02), 基盤科目-ウェルネス科目, FPE-CO-13211-411-59
体育１(13), 基盤科目-ウェルネス科目, FPE-CO-13211-411-59
体育１(03), 基盤科目-ウェルネス科目, FPE-CO-13211-411-59
体育１(24), 基盤科目-ウェルネス科目, FPE-CO-13211-411-59
体育１(11), 基盤科目-ウェルネス科目, FPE-CO-13211-411-59
体育１(23), 基盤科目-ウェルネス科目, FPE-CO-13211-411-59
体育１(06), 基盤科目-ウェルネス科目, FPE-CO-13211-411-59
体育１(17), 基盤科目-ウェルネス科目, FPE-CO-13211-411-59
体育１(14), 基盤科目-ウェルネス科目, FPE-CO-13211-411-59
体育１(25), 基盤科目-ウェルネス科目, FPE-CO-13211-411-59
体育１(15), 基盤科目-ウェルネス科目, FPE-CO-13211-411-59
体育１(01), 基盤科目-ウェルネス科目, FPE-CO-13211-411-59
体育１(10), 基盤科目-ウェルネス科目, FPE-CO-13211-411-59
体育１(ソフトコース), 基盤科目-ウェルネス科目, FPE-CO-13211-411-59
体育１(04), 基盤科目-ウェルネス科目, FPE-CO-13211-411-59
体育２, 基盤科目-ウェルネス科目, FPE-CO-03223-411-59
体育３, 基盤科目-ウェルネス科目, FPE-CO-03223-411-59
体育４, 基盤科目-ウェルネス科目, FPE-CO-03233-411-59
体育５, 基盤科目-ウェルネス科目, FPE-CO-03233-411-59
体育２～５(野外スポーツ), 基盤科目-ウェルネス科目, FPE-CO-03243-411-59
体育２～５(テニス), 基盤科目-ウェルネス科目, FPE-CO-03243-411-59
体育２～５(バスケットボール), 基盤科目-ウェルネス科目, FPE-CO-03243-411-59
体育２～５(ゴルフ), 基盤科目-ウェルネス科目, FPE-CO-03243-411-59
体育２～５(自律訓練法), 基盤科目-ウェルネス科目, FPE-CO-03243-411-59
体育２～５(自律訓練法), 基盤科目-ウェルネス科目, FPE-CO-03243-411-59
体育２～５(食事学（食育）), 基盤科目-ウェルネス科目, FPE-CO-03243-411-59
体育２～５(リズミックトレーニング)(GIGA/GG/GI), 基盤科目-ウェルネス科目, FPE-CO-03243-412-59
体育２～５(ヨガ), 基盤科目-ウェルネス科目, FPE-CO-03243-411-59
体育２～５(ジョギング), 基盤科目-ウェルネス科目, FPE-CO-03243-411-59
体育２～５(ゴルフ), 基盤科目-ウェルネス科目, FPE-CO-03243-411-59
体育２～５(フットサル), 基盤科目-ウェルネス科目, FPE-CO-03243-411-59
体育２～５(空手), 基盤科目-ウェルネス科目, FPE-CO-03243-411-59
体育２～５(バスケットボール), 基盤科目-ウェルネス科目, FPE-CO-03243-411-59
体育２～５(合気道), 基盤科目-ウェルネス科目, FPE-CO-03243-411-59
体育２～５(合気道), 基盤科目-ウェルネス科目, FPE-CO-03243-411-59
体育２～５(剣道), 基盤科目-ウェルネス科目, FPE-CO-03243-411-59
体育２～５(食事学（アスリートと食事）), 基盤科目-ウェルネス科目, FPE-CO-03243-411-59
体育２～５(テニス), 基盤科目-ウェルネス科目, FPE-CO-03243-411-59
体育２～５(こころのエクササイズ), 基盤科目-ウェルネス科目, FPE-CO-03243-411-59
体育２～５(ゴルフ), 基盤科目-ウェルネス科目, FPE-CO-03243-411-59
体育２～５(リズミックトレーニング（ダンス）), 基盤科目-ウェルネス科目, FPE-CO-03243-411-59
体育２～５(フェンシング), 基盤科目-ウェルネス科目, FPE-CO-03243-411-59
体育２～５(フェンシング), 基盤科目-ウェルネス科目, FPE-CO-03243-411-59
体育２～５(アーチェリー), 基盤科目-ウェルネス科目, FPE-CO-03243-411-59
体育２～５(ソフトコース), 基盤科目-ウェルネス科目, FPE-CO-03243-411-59
体育２～５(アーチェリー), 基盤科目-ウェルネス科目, FPE-CO-03243-411-59
体育２～５(ヨガ), 基盤科目-ウェルネス科目, FPE-CO-03243-411-59
体育２～５(こころのエクササイズ), 基盤科目-ウェルネス科目, FPE-CO-03243-411-59
体育２～５(気功), 基盤科目-ウェルネス科目, FPE-CO-03243-411-59
体育２～５(クラシックバレエ), 基盤科目-ウェルネス科目, FPE-CO-03243-411-59
体育２～５(スカッシュ), 基盤科目-ウェルネス科目, FPE-CO-03243-411-59
体育２～５(剣道), 基盤科目-ウェルネス科目, FPE-CO-03243-411-59
体育２～５(体操), 基盤科目-ウェルネス科目, FPE-CO-03243-411-59
体育２～５(トレーニング), 基盤科目-ウェルネス科目, FPE-CO-03243-411-59
体育２～５(空手), 基盤科目-ウェルネス科目, FPE-CO-03243-411-59
体育２～５(ゴルフ), 基盤科目-ウェルネス科目, FPE-CO-03243-411-59
体育２～５(水泳), 基盤科目-ウェルネス科目, FPE-CO-03243-411-59
体育２～５(バドミントン), 基盤科目-ウェルネス科目, FPE-CO-03243-411-59
体育２～５(水泳), 基盤科目-ウェルネス科目, FPE-CO-03243-411-59
体育２～５(フィットネスプログラム), 基盤科目-ウェルネス科目, FPE-CO-03243-411-59
体育２～５(ソフトテニス), 基盤科目-ウェルネス科目, FPE-CO-03243-411-59
体育２～５(フットサル), 基盤科目-ウェルネス科目, FPE-CO-03243-411-59
体育２～５(ユニバーサルスポーツ), 基盤科目-ウェルネス科目, FPE-CO-03243-411-59
体育２～５(ピラティス), 基盤科目-ウェルネス科目, FPE-CO-03243-411-59
体育２～５(ソフトコース), 基盤科目-ウェルネス科目, FPE-CO-03243-411-59
体育２～５(トランポリン), 基盤科目-ウェルネス科目, FPE-CO-03243-411-59
体育２～５(トレーニング), 基盤科目-ウェルネス科目, FPE-CO-03243-411-59
物理・化学基礎, 基盤科目-共通科目, FPE-CO-03303-211-87
未来構想ワークショップ, 基盤科目-共通科目, FPE-CO-03303-211-88
新事業創造ワークショップ, 基盤科目-共通科目, FPE-CO-03303-211-86
政策デザインワークショップ(GIGA/GG/GI), 基盤科目-共通科目, FPE-CO-03303-212-08
ゲノム解析ワークショップ(TTCK), 基盤科目-共通科目, FPE-CO-03303-211-43
オーラルヒストリーワークショップ, 基盤科目-共通科目, FPE-CO-03303-211-89
多言語コミュニケーション実践, 基盤科目-共通科目, FPE-CO-03303-311-02
対人コミュニケーション実践, 基盤科目-共通科目, FPE-CO-03303-211-10
アカデミックプレゼンテーション実践(GIGA/GG/GI)/英語コンテンツ, 基盤科目-共通科目, FPE-CO-03303-212-89
多文化コミュニケーション(GIGA/GG/GI), 基盤科目-共通科目, FPE-CO-03303-212-85
ネットワークコミュニケーション実践, 基盤科目-共通科目, FPE-CO-03303-211-86
デジタルデザイン基礎, 基盤科目-共通科目, FPE-CO-03303-211-23
公共政策, 基盤科目-共通科目, FPE-CO-03303-211-06
リーガルマインド, 基盤科目-共通科目, FPE-CO-03303-211-05
スポーツビジネス, 基盤科目-共通科目, FPE-CO-03303-211-07
グローバルガバナンス, 基盤科目-共通科目, FPE-CO-03303-211-88
都市と建築の歴史, 基盤科目-共通科目, FPE-CO-03303-231-23
地球環境技術論(GIGA/GG/GI)/地球環境技術論, 基盤科目-共通科目, FPE-CO-03303-222-04
モノ創りの科学, 基盤科目-共通科目, FPE-CO-03303-211-83
インターネット, 基盤科目-共通科目, FPE-CO-03302-221-60
身体知論, 基盤科目-共通科目, FPE-CO-03303-211-88
デザイン言語総合講座【学期前半】, 基盤科目-共通科目, FPE-CO-03303-311-01
ソーシャルビジネスプラニング【学期後半】, 基盤科目-共通科目, FPE-CO-03303-211-07
経営戦略【学期前半】, 基盤科目-共通科目, FPE-CO-03303-211-07
マーケティング戦略【学期後半】, 基盤科目-共通科目, FPE-CO-03303-211-07
パブリックリレーションズ戦略, 基盤科目-共通科目, FPE-CO-03303-211-07
リーダーシップ論, 基盤科目-共通科目, FPE-CO-03303-211-07
プレゼンテーション技法【学期前半】, 基盤科目-共通科目, FPE-CO-03303-211-07
アカデミックライティング, 基盤科目-共通科目, FPE-CO-03303-211-89
立法技術論, 基盤科目-共通科目, FPE-CO-03303-211-05
政策法務論, 基盤科目-共通科目, FPE-CO-03303-211-05
経営分析, 基盤科目-共通科目, FPE-CO-03303-211-07
ライフキャリア論, 基盤科目-共通科目, FPE-CO-03303-211-07
意思決定能力の開発, 基盤科目-共通科目, FPE-CO-03303-211-07
非営利組織インターンシップ, 基盤科目-共通科目, FPE-CO-03303-211-07
社会起業インターンシップ, 基盤科目-共通科目, FPE-CO-03303-211-07
パターンランゲージ【学期前半】, 基盤科目-共通科目, FPE-CO-03303-211-88
コンピュータミュージック１, 基盤科目-共通科目, FPE-CO-03303-311-88
プログラミング方法論, 基盤科目-共通科目, FPE-CO-03303-211-60
モノ創り実験工房, 基盤科目-共通科目, FPE-CO-03303-211-20
電子工作, 基盤科目-共通科目, FPE-CO-03303-211-21
デザイン観察基礎【学期前半】, 基盤科目-共通科目, FPE-CO-03303-311-01
質的調査法【学期前半】, 基盤科目-共通科目, FPE-CO-03303-211-08
フィールドワーク法, 基盤科目-共通科目, FPE-CO-03303-211-08
資料検索法, 基盤科目-共通科目, FPE-CO-03303-221-89
論理学, 基盤科目-共通科目, FPE-CO-03303-211-60
創造社会論【学期後半】(GIGA/GG/GI), 基盤科目-共通科目, FPE-CO-03303-212-08
創造社会論【学期前半】, 基盤科目-共通科目, FPE-CO-03303-211-08
身体論, 基盤科目-共通科目, FPE-CO-03303-211-10
日本の近現代, 基盤科目-共通科目, FPE-CO-03303-221-03
法律学, 基盤科目-共通科目, FPE-CO-03303-211-05
イスラームと現代社会, 基盤科目-共通科目, FPE-CO-03303-221-85
脳と行動, 基盤科目-共通科目, FPE-CO-03303-221-51
感覚の生理と心理【学期後半】, 基盤科目-共通科目, FPE-CO-03303-211-46
パーソナリティ発達論, 基盤科目-共通科目, FPE-CO-03303-211-10
ソフトウェアアーキテクチャ(GIGA/GG/GI), 基盤科目-共通科目, FPE-CO-03303-212-60
ユビキタスシステムアーキテクチャ, 基盤科目-共通科目, FPE-CO-03303-211-60
認知学習論, 基盤科目-共通科目, FPE-CO-03303-211-10
生命システム, 基盤科目-共通科目, FPE-CO-03303-221-43
代謝の基礎生物学, 基盤科目-共通科目, FPE-CO-03303-221-43
基礎分子生物学１(GIGA/GG/GI), 基盤科目-共通科目, FPE-CO-03303-332-43
基礎分子生物学１【学期前半】, 基盤科目-共通科目, FPE-CO-03303-211-43
基礎分子生物学２(GIGA/GG/GI), 基盤科目-共通科目, FPE-CO-03303-332-43
基礎分子生物学２【学期後半】, 基盤科目-共通科目, FPE-CO-03303-211-43
日本の行政機構, 基盤科目-共通科目, FPE-CO-03303-221-06
パーソナルプレイスデザイン【学期後半】, 基盤科目-共通科目, FPE-CO-03303-211-01
公共哲学, 基盤科目-共通科目, FPE-CO-03303-221-06
現代アート概論【学期前半】, 基盤科目-共通科目, FPE-CO-03303-221-01
建築ＣＡＤ入門【学期前半】, 基盤科目-共通科目, FPE-CO-03303-211-23
精神医学と精神分析, 基盤科目-共通科目, FPE-CO-03303-211-10
歴史と文明, 先端科目-総合政策系, FPE-CO-04003-211-86
パブリックマネジメント【学期前半】, 先端科目-総合政策系, FPE-CO-04003-221-06
社会保障政策（医療・介護）, 先端科目-総合政策系, FPE-CO-04003-211-06
社会安全政策（治安）, 先端科目-総合政策系, FPE-CO-04003-211-86
社会安全政策（防災）(GIGA/GG), 先端科目-総合政策系, FPE-CO-04003-212-88
社会安全政策（防災）【学期後半】, 先端科目-総合政策系, FPE-CO-04003-211-88
現代社会理論, 先端科目-総合政策系, FPE-CO-04003-221-08
リスク社会の制度設計【学期後半】(GIGA/GG), 先端科目-総合政策系, FPE-CO-04003-212-06
都市システム論, 先端科目-総合政策系, FPE-CO-04003-211-88
地域政策, 先端科目-総合政策系, FPE-CO-04003-311-86
都市計画とまちづくり(GIGA/GG), 先端科目-総合政策系, FPE-CO-04003-212-23
社会的組織の経営（ミュージアム）【学期後半】, 先端科目-総合政策系, FPE-CO-04003-211-07
ソーシャルマーケティング【学期前半】, 先端科目-総合政策系, FPE-CO-04003-211-07
コミュニティインベストメント【学期後半】, 先端科目-総合政策系, FPE-CO-04003-211-07
ネットワーク産業論【学期前半】(GIGA/GG)/ネットワーク産業論【学期前半】, 先端科目-総合政策系, FPE-CO-04003-212-07
ネットワーク産業論【学期後半】, 先端科目-総合政策系, FPE-CO-04003-211-07
ネットワーク社会論【学期後半】, 先端科目-総合政策系, FPE-CO-04003-211-08
環境政策, 先端科目-総合政策系, FPE-CO-04003-211-64
エビデンスに基づく健康政策とコミュニケーション【学期前半】, 先端科目-総合政策系, FPE-CO-04003-211-08
エビデンスに基づく健康政策とコミュニケーション(GIGA/GG), 先端科目-総合政策系, FPE-CO-04003-312-86
現代政治論, 先端科目-総合政策系, FPE-CO-04003-211-06
地方自治論, 先端科目-総合政策系, FPE-CO-04003-211-06
憲法（人権）, 先端科目-総合政策系, FPE-CO-04003-211-05
憲法（統治）, 先端科目-総合政策系, FPE-CO-04003-211-05
企業法（会社法）, 先端科目-総合政策系, FPE-CO-04003-211-05
企業法（ベンチャー関連法）, 先端科目-総合政策系, FPE-CO-04002-211-05
行政法, 先端科目-総合政策系, FPE-CO-04003-211-05
実験・行動経済演習(GIGA/GG), 先端科目-総合政策系, FPE-CO-04003-312-86
ミクロ経済１, 先端科目-総合政策系, FPE-CO-04003-211-07
ミクロ経済２【学期後半】(GIGA/GG), 先端科目-総合政策系, FPE-CO-04003-222-07
マクロ経済１(GIGA/GG), 先端科目-総合政策系, FPE-CO-04003-222-07
計量経済学(GIGA/GG), 先端科目-総合政策系, FPE-CO-04003-212-07
現代金融論, 先端科目-総合政策系, FPE-CO-04003-211-07
民法演習, 先端科目-総合政策系, FPE-CO-04003-211-05
公共選択論, 先端科目-総合政策系, FPE-CO-04003-221-06
リスクと保険, 先端科目-総合政策系, FPE-CO-04003-211-07
安全保障と国際紛争【学期後半】, 先端科目-総合政策系, FPE-CO-04003-211-86
国際環境論(GIGA/GG), 先端科目-総合政策系, FPE-CO-04003-212-04
日独社会研究（ドイツ語圏）/ドイツ語コンテンツ, 先端科目-総合政策系, FPE-CO-04003-229-88
文化論（ドイツ語圏）/ドイツ語コンテンツ, 先端科目-総合政策系, FPE-CO-04003-219-88
地域論（ドイツ語圏）/ドイツ語コンテンツ, 先端科目-総合政策系, FPE-CO-04003-219-85
社会論（フランス語圏）/フランス語コンテンツ, 先端科目-総合政策系, FPE-CO-04003-219-86
言語教育実践論（中国語圏）/中国語コンテンツ, 先端科目-総合政策系, FPE-CO-04003-211-02
地域と文化（スペイン語圏）/スペイン語コンテンツ, 先端科目-総合政策系, FPE-CO-04003-219-88
国際法【学期前半】, 先端科目-総合政策系, FPE-CO-04003-211-05
日本研究概論２, 先端科目-総合政策系, FPE-CO-04003-211-86
地域と社会（アジア・大洋州）, 先端科目-総合政策系, FPE-CO-04003-211-86
地域と社会（アジア・大洋州）, 先端科目-総合政策系, FPE-CO-04003-211-86
地域と社会（欧州・ＣＩＳ）, 先端科目-総合政策系, FPE-CO-04003-211-86
地域と文化（欧州・ＣＩＳ）, 先端科目-総合政策系, FPE-CO-04003-211-01
地域と文化（米州）, 先端科目-総合政策系, FPE-CO-04003-211-88
アジア・大洋州地域論, 先端科目-総合政策系, FPE-CO-04003-211-86
インドネシア地域論, 先端科目-総合政策系, FPE-CO-04002-211-88
開発とローカリズム(GIGA/GG)/開発とローカリズム, 先端科目-総合政策系, FPE-CO-04003-212-88
多文化社会論, 先端科目-総合政策系, FPE-CO-04003-211-85
比較体制論, 先端科目-総合政策系, FPE-CO-04003-211-86
応用臨床心理, 先端科目-総合政策系, FPE-CO-04003-211-10
政治哲学（近代）, 先端科目-総合政策系, FPE-CO-04003-211-01
国家と防衛, 先端科目-総合政策系, FPE-CO-04003-211-86
民法（総則・物権）, 先端科目-総合政策系, FPE-CO-04003-211-05
民法（親族・相続）, 先端科目-総合政策系, FPE-CO-04003-211-05
地域と社会（中東）(GIGA/GG), 先端科目-総合政策系, FPE-CO-04003-212-86
ポリシーマネジメント（開発とヒューマンセキュリティ）(GIGA/GG)/ポリシーマネジメント（開発とヒューマンセキュリティ）, 先端科目-総合政策系, FPE-CO-04003-212-86
日米関係史【学期前半】(GIGA/GG), 先端科目-総合政策系, FPE-CO-04003-212-86
科学倫理【学期前半】(GIGA/GG)/科学倫理【学期前半】, 先端科目-総合政策系, FPE-CO-04003-212-86
第二言語習得論, 先端科目-総合政策系, FPE-CO-04003-211-02
社会科学のための計量分析(GIGA/GG), 先端科目-総合政策系, FPE-CO-04003-212-89
地域と文化（アラビア語圏）, 先端科目-総合政策系, FPE-CO-04003-211-85
都市と環境, 先端科目-環境情報系, FPE-CO-04103-231-88
エコロジカルデザイン【学期後半】, 先端科目-環境情報系, FPE-CO-04103-211-64
生活環境論(GIGA/GI), 先端科目-環境情報系, FPE-CO-04103-212-85
生態学フィールド調査法【学期前半】, 先端科目-環境情報系, FPE-CO-04103-411-63
地球環境概論, 先端科目-環境情報系, FPE-CO-04103-211-04
地球システム設計論【学期後半】, 先端科目-環境情報系, FPE-CO-04103-211-01
デザインスタジオ（住まいと環境）, 先端科目-環境情報系, FPE-CO-04103-311-23
デザインスタジオ（自然と建築）, 先端科目-環境情報系, FPE-CO-04103-311-23
建築設計と環境デザイン【学期後半】(GIGA/GI), 先端科目-環境情報系, FPE-CO-04102-222-23
建築構法論, 先端科目-環境情報系, FPE-CO-04103-211-88
アーバンルーラルリデザイン【学期前半】(GIGA/GI), 先端科目-環境情報系, FPE-CO-04103-212-23
スポーツコミュニケーション, 先端科目-環境情報系, FPE-CO-04103-211-86
スポーツ科学【学期前半】(GIGA/GI), 先端科目-環境情報系, FPE-CO-04103-212-59
脳情報科学, 先端科目-環境情報系, FPE-CO-04103-211-51
言語と思考, 先端科目-環境情報系, FPE-CO-04103-211-85
遺伝子工学実習(TTCK), 先端科目-環境情報系, FPE-CO-04102-211-43
基礎分析化学(TTCK)【学期前半】, 先端科目-環境情報系, FPE-CO-04103-221-43
基礎生化学(TTCK)【学期後半】, 先端科目-環境情報系, FPE-CO-04102-211-43
身体運動解析, 先端科目-環境情報系, FPE-CO-04103-211-90
語彙意味論(GIGA/GI)/語彙意味論, 先端科目-環境情報系, FPE-CO-04103-212-02
生命分子機能(TTCK), 先端科目-環境情報系, FPE-CO-04103-211-43
ゲノム分子生物学１(TTCK), 先端科目-環境情報系, FPE-CO-04103-221-43
システムプログラミング【学期後半】(GIGA/GI), 先端科目-環境情報系, FPE-CO-04103-212-60
スマートデバイスプログラミング, 先端科目-環境情報系, FPE-CO-04103-211-60
デザインとプログラミング, 先端科目-環境情報系, FPE-CO-04103-311-60
コンピュータアーキテクチャ【学期後半】, 先端科目-環境情報系, FPE-CO-04103-211-60
オペレーティングシステム【学期前半】(GIGA/GI), 先端科目-環境情報系, FPE-CO-04103-212-60
オペレーティングシステム【学期前半】, 先端科目-環境情報系, FPE-CO-04103-211-60
大規模データ処理法(GIGA/GI), 先端科目-環境情報系, FPE-CO-04103-212-60
情報と倫理, 先端科目-環境情報系, FPE-CO-04103-211-88
インタフェース設計論(GIGA/GI), 先端科目-環境情報系, FPE-CO-04102-212-60
モバイルネットワーク論, 先端科目-環境情報系, FPE-CO-04103-211-60
情報セキュリティマネジメント, 先端科目-環境情報系, FPE-CO-04103-211-86
Ｗｅｂ情報システム構成法, 先端科目-環境情報系, FPE-CO-04103-211-60
リフレクティブデザイン【学期前半】, 先端科目-環境情報系, FPE-CO-04103-211-08
デジタルファブリケーション【学期後半】, 先端科目-環境情報系, FPE-CO-04103-211-18
コンピュテーショナルデザイン/デザイン戦略（ビジュアライゼーション）, 先端科目-環境情報系, FPE-CO-04103-221-60
音楽と脳【学期後半】, 先端科目-環境情報系, FPE-CO-04103-211-88
フォレスト・サイエンス・アンド・エンジニアリング（上流）(GIGA/GI), 先端科目-環境情報系, FPE-CO-04103-222-88
フォレスト・サイエンス・アンド・エンジニアリング（下流）, 先端科目-環境情報系, FPE-CO-04103-211-88
地球システムＡ【学期前半】, 先端科目-環境情報系, FPE-CO-04103-211-17
地球システムＢ【学期後半】, 先端科目-環境情報系, FPE-CO-04103-211-17
総合技術論(TTCK), 他学部等設置科目, FPE-CO-06203-211-83
基礎生態学(TTCK), 他学部等設置科目, FPE-CO-06203-211-45
遺伝学(TTCK), 他学部等設置科目, FPE-CO-06203-211-43
微生物学(TTCK), 他学部等設置科目, FPE-CO-06203-211-44
グローバル・エコシステムと生物学的多様性の視点から見たサステナビリティー(ICU), 他学部等設置科目, FPE-CO-06203-221-87
山形文化論(TTCK), 特設科目, FPE-CO-06103-911-04
環境ヘルスサイエンス【学期前半】, 特設科目, FPE-CO-06102-211-10
うた, 特設科目, FPE-CO-06103-211-01
リーダーシップ開発のためのコーチング, 特設科目, FPE-CO-06103-221-59
国内フィールドワークＡ, 特設科目, FPE-CO-06103-412-89
国内フィールドワークＢ, 特設科目, FPE-CO-06103-412-89
スチューデントビルドキャンパス（ＳＢＣ）入門【学期前半】, 特設科目, FPE-CO-06103-211-23
データ・ドリブン社会の創発と戦略, 特設科目, FPE-CO-06103-211-60
データ・ドリブン社会の創発と戦略（応用）, 特設科目, FPE-CO-06103-211-60
働くこととジェンダー, 特設科目, FPE-CO-06103-211-07
労働法, 特設科目, FPE-CO-06103-211-05
ソフトウェア技術を利用した創造的サービス構築論（基礎）(寄附講座), 特設科目, FPE-CO-06103-211-60
極域における環境問題【学期前半】(GIGA), 特設科目, FPE-CO-06102-212-45
インドの文化、環境と技術(GIGA), 特設科目, FPE-CO-06102-222-08
ミクロな世界の生態学【学期前半】, 特設科目, FPE-CO-06103-211-45
メディアアート実践, 特設科目, FPE-CO-06103-211-01
スチューデントビルドキャンパス（ＳＢＣ）実践（ランドスケープ）【学期前半】, 特設科目, FPE-CO-06103-311-23
建築メディア論, 特設科目, FPE-CO-06103-211-23
コンテクストデザイン【学期前半】, 特設科目, FPE-CO-06103-221-88
知識編纂の技法－１【学期後半】, 特設科目, FPE-CO-06103-211-89
環境とエネルギーの経済学【学期前半】(GIGA), 特設科目, FPE-CO-06102-222-07
不動産デザイン１(寄附講座), 特設科目, FPE-CO-06103-211-87
生と命の多角的理解, 特設科目, FPE-CO-06102-211-87
サイバーセキュリティの攻撃と防御(寄附講座), 特設科目, FPE-CO-06102-211-60
デジタルヘルスケア分野のアーキテクチャ構築(寄附講座), 特設科目, FPE-CO-06102-211-62
海洋安全保障と海上法執行, 特設科目, FPE-CO-06102-211-06
実践演習：ビジネスモデル分析(寄附講座), 特設科目, FPE-CO-06103-311-07
概念構築（フィールドワーク論）, 研究支援科目, GMG-MG-67003-211-89
概念構築（ヒューマンセキュリティ）, 研究支援科目, GMG-MG-67003-212-86
概念構築（ＣＢ）【学期前半】, 研究支援科目, GMG-MG-67003-221-89
概念構築（ＣＩ）, 研究支援科目, GMG-MG-67003-212-60
概念構築（ＢＩ）, 研究支援科目, GMG-MG-67003-211-43
概念構築（コミュニケーション）, 研究支援科目, GMG-MG-67003-211-01
先端研究（ケースメソッド）, 研究支援科目, GMG-MG-67013-221-89
先端研究（ＣＢ）【学期後半】, 研究支援科目, GMG-MG-67013-211-87
先端研究（ＥＧ１）, 研究支援科目, GMG-MG-67013-212-04
先端研究（ＣＩ）, 研究支援科目, GMG-MG-67013-212-60
先端研究ワークショップ（ＸＤ１）/先端研究ワークショップ（ＸＤ２）/先端研究ワークショップ（ＸＤ３）/先端研究ワークショップ（ＸＤ４）, 研究支援科目, GMG-MG-67013-311-88
グローバル・ガバナンス研究（グローバル・ガバナンスの視点）, プログラム科目, GMG-MG-67103-212-86
地域戦略研究（北東アジア）, プログラム科目, GMG-MG-67103-222-86
地域戦略研究（欧州）, プログラム科目, GMG-MG-67103-211-86
言語教育デザイン論, プログラム科目, GMG-MG-67103-311-88
ファイナンス理論, プログラム科目, GMG-MG-67103-211-07
日本のビジネス, プログラム科目, GMG-MG-67103-221-07
経営戦略特論【学期前半】, プログラム科目, GMG-MG-67103-312-07
ポリシーマネジメント（政策形成とソーシャルイノベーション）【学期後半】, プログラム科目, GMG-MG-67103-212-88
行政組織の経営【学期後半】, プログラム科目, GMG-MG-67103-211-06
地域情報化論, プログラム科目, GMG-MG-67103-211-08
ソーシャルファイナンス【学期後半】, プログラム科目, GMG-MG-67103-211-07
キャリア開発演習, プログラム科目, GMG-MG-67103-211-07
都市政策, プログラム科目, GMG-MG-67103-211-23
デジタルアース論, プログラム科目, GMG-MG-67103-212-04
応用環境デザイン（都市環境のデザイン）, プログラム科目, GMG-MG-67103-211-23
環境空間論【学期後半】, プログラム科目, GMG-MG-67103-221-23
建築環境制御論【学期後半】, プログラム科目, GMG-MG-67103-221-23
建築技術論【学期前半】, プログラム科目, GMG-MG-67103-211-23
構造のデザイン【学期後半】, プログラム科目, GMG-MG-67103-221-23
エネルギー政策分析, プログラム科目, GMG-MG-67103-211-86
都市空間の構成, プログラム科目, GMG-MG-67103-231-23
システムソフトウェア, プログラム科目, GMG-MG-67103-212-60
情報セキュリティ論, プログラム科目, GMG-MG-67103-211-88
生命分子ネットワーク(TTCK), プログラム科目, GMG-MG-67103-211-90
フィールドワークＡ, プログラム科目, 
高齢社会デザイン論【学期後半】, プログラム科目, GMG-MG-67103-211-58
環境測定演習, プログラム科目, GMG-MG-67103-212-64
インターンシップＡ, プログラム科目, GMG-MG-67103-411-88
バイオメカニクス・動作解析, プログラム科目, GMG-MG-67103-211-59
老年医学・老年学【学期後半】, プログラム科目, GMG-MG-67103-211-59
ヘルスケアシステムデザイン概論【学期前半】, プログラム科目, GMG-MG-67103-211-80
個益・公益のデザイン, プログラム科目, GMG-MG-67103-221-86
経済・ファイナンスのデータサイエンス[DS2]/時系列解析法, 基盤科目-データサイエンス科目-データサイエンス２, FPE-CO-03022-211-07
地球環境技術論(GIGA/GG/GI)/地球環境技術論, 基盤科目-共通科目, FPE-CO-03303-222-04
パブリックマネジメント【学期前半】, 先端科目-総合政策系, FPE-CO-04003-221-06
社会保障政策（医療・介護）, 先端科目-総合政策系, FPE-CO-04003-211-06
ソーシャルマーケティング【学期前半】, 先端科目-総合政策系, FPE-CO-04003-211-07
ネットワーク産業論【学期前半】(GIGA/GG)/ネットワーク産業論【学期前半】, 先端科目-総合政策系, FPE-CO-04003-212-07
ネットワーク産業論【学期後半】, 先端科目-総合政策系, FPE-CO-04003-211-07
公共選択論, 先端科目-総合政策系, FPE-CO-04003-221-06
リスクと保険, 先端科目-総合政策系, FPE-CO-04003-211-07
開発とローカリズム(GIGA/GG)/開発とローカリズム, 先端科目-総合政策系, FPE-CO-04003-212-88
ポリシーマネジメント（開発とヒューマンセキュリティ）(GIGA/GG)/ポリシーマネジメント（開発とヒューマンセキュリティ）, 先端科目-総合政策系, FPE-CO-04003-212-86
科学倫理【学期前半】(GIGA/GG)/科学倫理【学期前半】, 先端科目-総合政策系, FPE-CO-04003-212-86
第二言語習得論, 先端科目-総合政策系, FPE-CO-04003-211-02
語彙意味論(GIGA/GI)/語彙意味論, 先端科目-環境情報系, FPE-CO-04103-212-02
コンピュテーショナルデザイン/デザイン戦略（ビジュアライゼーション）, 先端科目-環境情報系, FPE-CO-04103-221-60
地球システムＡ【学期前半】, 先端科目-環境情報系, FPE-CO-04103-211-17
地球システムＢ【学期後半】, 先端科目-環境情報系, FPE-CO-04103-211-17
生命進化の特異点, プログラム科目, GMG-MG-67103-211-48
アカデミックプロジェクトネットワークコミュニティ２, プロジェクト科目, GMG-MG-67203-621-86
アカデミックプロジェクトNEURO, プロジェクト科目, GMG-MG-67203-621-46
アカデミックプロジェクトモバイル・メソッド（セオリー）, プロジェクト科目, GMG-MG-67203-621-86
アカデミックプロジェクト社会的共有価値の創造, プロジェクト科目, GMG-MG-67203-621-88
アカデミックプロジェクトHCIRemixed, プロジェクト科目, GMG-MG-67203-631-88
アカデミックプロジェクトInternetTechnology, プロジェクト科目, GMG-MG-67203-611-88
アカデミックプロジェクトInternetCivilization, プロジェクト科目, GMG-MG-67203-611-88
アカデミックプロジェクトリーガル・プラクティス, プロジェクト科目, GMG-MG-67203-621-86
アカデミックプロジェクト日常のなかの創造, プロジェクト科目, GMG-MG-67203-611-88
アカデミックプロジェクト芸術と科学, プロジェクト科目, GMG-MG-67203-611-88
アカデミックプロジェクト建築領域の拡張と融合, プロジェクト科目, GMG-MG-67203-621-23
アカデミックプロジェクト知覚と心理, プロジェクト科目, GMG-MG-67203-611-10
アカデミックプロジェクト学際日本研究, プロジェクト科目, GMG-MG-67203-611-88
アカデミックプロジェクト先端生命科学Ｂ, プロジェクト科目, GMG-MG-67203-621-44
アカデミックプロジェクト地域研究から見るグローバル・ガバナンス, プロジェクト科目, GMG-MG-67203-611-86
アカデミックプロジェクト先端生命科学Ａ, プロジェクト科目, GMG-MG-67203-621-44
アカデミックプロジェクトモバイル・メソッド（プラクティス）, プロジェクト科目, GMG-MG-67203-621-08
アカデミックプロジェクト現代社会・文化への人文学的アプローチ, プロジェクト科目, GMG-MG-67203-621-85
アカデミックプロジェクトチャイナ・パースペクティブ, プロジェクト科目, GMG-MG-67203-611-86
アカデミックプロジェクト知的都市創造, プロジェクト科目, GMG-MG-67203-621-88
アカデミックプロジェクトグリーンインフラストラクチャーと生態系サ, プロジェクト科目, GMG-MG-67203-612-88
アカデミックプロジェクトコリアン・スタディーズ, プロジェクト科目, GMG-MG-67203-619-86
アカデミックプロジェクトプラットフォームとイノベーション, プロジェクト科目, GMG-MG-67203-611-86
アカデミックプロジェクトソフトウェアシステム, プロジェクト科目, GMG-MG-67203-611-88
アカデミックプロジェクト生活世界と公共性, プロジェクト科目, GMG-MG-67203-611-86
アカデミックプロジェクト安全保障２, プロジェクト科目, GMG-MG-67203-611-86
アカデミックプロジェクト安全保障１, プロジェクト科目, GMG-MG-67203-611-86
アカデミックプロジェクトこころの健康・臨床心理プロジェクト, プロジェクト科目, GMG-MG-67203-611-10
アカデミックプロジェクトスマートモビリティ（技術）, プロジェクト科目, GMG-MG-67203-611-87
アカデミックプロジェクトスマートモビリティ（社会）, プロジェクト科目, GMG-MG-67203-612-88
アカデミックプロジェクトネットワークコミュニティ１, プロジェクト科目, GMG-MG-67203-621-86
アカデミックプロジェクト発達と学習の認知メカニズム, プロジェクト科目, GMG-MG-67203-611-86
アカデミックプロジェクト経験の学, プロジェクト科目, GMG-MG-67203-621-86
アカデミックプロジェクトxSDG, プロジェクト科目, GMG-MG-67203-611-88
アカデミックプロジェクトメディアとコミュニケーションの法政策, プロジェクト科目, GMG-MG-67203-611-86
アカデミックプロジェクトグローバルガバナンスとリージョナルストラ, プロジェクト科目, GMG-MG-67203-621-86
アカデミックプロジェクトグローバルガバナンスとリージョナルストラ, プロジェクト科目, GMG-MG-67203-611-86
アカデミックプロジェクト言語と思考のアーキテクチャ, プロジェクト科目, GMG-MG-67203-621-02
アカデミックプロジェクト第二言語習得と外国語教育の科学, プロジェクト科目, GMG-MG-67203-621-02
アカデミックプロジェクトスポーツサイエンス, プロジェクト科目, GMG-MG-67203-621-59
アカデミックプロジェクトアジアとアフリカをつなぐイニシアティブ, プロジェクト科目, GMG-MG-67203-612-88
アカデミックプロジェクトヒューマンサービスとコミュニティ, プロジェクト科目, GMG-MG-67203-621-86
アカデミックプロジェクトノーベル・コンピューティング：ＡＩと脳科, プロジェクト科目, GMG-MG-67203-612-88
アカデミックプロジェクト「身体化デザイン」プログラム, プロジェクト科目, GMG-MG-67203-611-88
アカデミックプロジェクト外国語教育デザイン, プロジェクト科目, GMG-MG-67203-621-86
アカデミックプロジェクト多言語多文化共生社会, プロジェクト科目, GMG-MG-67203-611-85
アカデミックプロジェクト気候変動・災害リスクガバナンスシステムと, プロジェクト科目, GMG-MG-67203-612-04
アカデミックプロジェクト公共政策, プロジェクト科目, GMG-MG-67203-621-86
脊椎動物のボディプラン, 特設科目, GMG-MG-67303-221-44
環境情報システム構築法, 特設科目, GMG-MG-67303-222-88
環境科学技術・政策特論, 特設科目, GMG-MG-67303-212-88
サイバーセキュリティ・ケーススタディ, 特設科目, GMG-MG-67303-221-60
ネットワークセキュリティ, 特設科目, GMG-MG-67303-211-60
日本語インテンシブ１B/日本語インテンシブ１, 基盤科目-言語コミュニケーション科目, FPE-CO-02802-111-02
日本語インテンシブ２A, 基盤科目-言語コミュニケーション科目, FPE-CO-02802-111-02
日本語インテンシブ３B/日本語インテンシブ３, 基盤科目-言語コミュニケーション科目, FPE-CO-02802-111-02
日本語インテンシブ初級２A/日本語インテンシブ初級２, 基盤科目-言語コミュニケーション科目, FPE-CO-02802-111-02
不動産デザイン１(寄附講座), 特設科目, FPE-CO-06103-211-87
実践演習：ビジネスモデル分析(寄附講座), 特設科目, FPE-CO-06103-311-07
暗号とデータセキュリティ, 特設科目, GMG-MG-67303-211-60
プライバシーと個人情報管理, 特設科目, GMG-MG-67303-211-60
クリティカル・メイキング【学期後半】, 特設科目, GMG-MG-67303-221-89
先端フィールドワークＡ(GESL)/先端フィールドワークＢ(GESL)/先端フィールドワークＣ(GESL)/先端フィールドワークＤ(GESL), 特設科目（博士）, GMG-MG-78104-412-88
アカデミック・ライティング特別演習, 自由科目, GMG-MG-67604-222-89
修士論文１, 修士論文1, GMG-MG-67502-511-88
修士論文１【旧０１学則】, 修士論文1, GMG-MG-67502-511-88
修士論文２【旧０１学則】, 修士論文2, GMG-MG-67502-511-88
修士論文２, 修士論文2, GMG-MG-67502-511-88
修士活動報告１, 修士活動報告1, GMG-MG-67512-511-88
修士活動報告２, 修士活動報告2, GMG-MG-67512-511-88
地理学概論, 自由科目, 
文化論（中国語圏）/中国語コンテンツ, 先端科目-総合政策系, FPE-CO-04003-219-02
体育２～５(バレーボール), 基盤科目-ウェルネス科目, FPE-CO-03243-411-59
学びのデザインワークショップ【学期前半】, 基盤科目-共通科目, FPE-CO-03303-211-88
ライティング技法ワークショップ, 基盤科目-共通科目, FPE-CO-03303-211-88
第二言語としての日本語教育, 基盤科目-共通科目, FPE-CO-03303-211-02
組織コミュニケーション, 基盤科目-共通科目, FPE-CO-03303-211-07
仕事と社会【学期前半】, 基盤科目-共通科目, FPE-CO-03303-211-07
創造システム理論【学期前半】, 基盤科目-共通科目, FPE-CO-03303-221-88
データベース概論, 基盤科目-共通科目, FPE-CO-03303-211-60
文化政策, 先端科目-総合政策系, FPE-CO-04003-211-01
ファイナンス論【学期前半】, 先端科目-総合政策系, FPE-CO-04003-211-07
国際関係論, 先端科目-総合政策系, FPE-CO-04003-211-86
スポーツマネジメント, 先端科目-総合政策系, FPE-CO-04003-211-07
南極生態学【学期前半】, 特設科目, FPE-CO-06103-211-45
テクノロジーマネジメント論, プログラム科目, GMG-MG-67103-231-07
調査研究設計論【学期前半】, プログラム科目, GMG-MG-67103-221-86
生物多様性科学特論【学期後半】, プログラム科目, GMG-MG-67103-212-87
